<?xml version="1.0" encoding="utf-8"?>
<LinearLayout xmlns:android="http://schemas.android.com/apk/res/android"
    xmlns:app="http://schemas.android.com/apk/res-auto"
    xmlns:tools="http://schemas.android.com/tools"
    android:layout_width="match_parent"
    android:layout_height="match_parent"
    android:background="@drawable/back"
    android:orientation="vertical"
    android:weightSum="1"
    tools:context="org.androidtown.here_is.EditProfileActivity">

    <LinearLayout
        android:layout_width="match_parent"
        android:layout_height="0dp"
        android:layout_weight="0.15"
        android:orientation="vertical">

        <TextView
            android:layout_width="match_parent"
            android:layout_height="match_parent"
            android:gravity="center"
            android:textColor="#ffffff"
            android:text="정보수정"
            android:textSize="30dp" />

    </LinearLayout>

    <LinearLayout
        android:layout_width="match_parent"
        android:layout_height="0dp"
        android:layout_weight="0.1"
        android:orientation="horizontal"
        android:weightSum="1">

        <LinearLayout
            android:layout_width="0dp"
            android:layout_height="match_parent"
            android:layout_weight="0.1"
            android:orientation="horizontal"></LinearLayout>

        <TextView
            android:layout_width="0dp"
            android:layout_height="match_parent"
            android:layout_gravity="center"
            android:layout_marginLeft="0dp"
            android:layout_weight="0.15"
            android:paddingLeft="17dp"
            android:paddingTop="13dp"
            android:text="I D"
            android:textColor="#ffffff"
            android:textSize="20dp" />

        <EditText
            android:id="@+id/editText_profile_id"
            android:layout_width="0dp"
            android:layout_height="match_parent"
            android:layout_marginRight="30dp"
            android:layout_weight="0.75"
            android:editable="false"/>

    </LinearLayout>

    <LinearLayout
        android:layout_width="match_parent"
        android:layout_height="0dp"
        android:layout_weight="0.1"
        android:orientation="horizontal"
        android:weightSum="1">

        <LinearLayout
            android:layout_width="0dp"
            android:layout_height="match_parent"
            android:layout_weight="0.1"
            android:orientation="horizontal"></LinearLayout>

        <TextView
            android:layout_width="0dp"
            android:layout_height="match_parent"
            android:layout_gravity="center"
            android:layout_marginLeft="0dp"
            android:layout_weight="0.15"
            android:paddingLeft="13dp"
            android:paddingTop="15dp"
            android:text="PW"
            android:textColor="#ffffff"
            android:textSize="20dp" />

        <EditText
            android:id="@+id/editText_profile_pw"
            android:layout_width="0dp"
            android:layout_height="match_parent"
            android:layout_marginRight="30dp"
            android:layout_weight="0.75"
            android:inputType="textPassword"/>

    </LinearLayout>

    <LinearLayout
        android:layout_width="match_parent"
        android:layout_height="0dp"
        android:layout_weight="0.1"
        android:orientation="horizontal"
        android:weightSum="1">

        <LinearLayout
            android:layout_width="0dp"
            android:layout_height="match_parent"
            android:layout_weight="0.1"
            android:orientation="horizontal"></LinearLayout>

        <TextView
            android:layout_width="0dp"
            android:layout_height="match_parent"
            android:layout_gravity="center"
            android:layout_marginLeft="0dp"
            android:layout_weight="0.15"
            android:paddingLeft="11dp"
            android:paddingTop="15dp"
            android:text="이름"
            android:textColor="#ffffff"
            android:textSize="18dp" />

        <EditText
            android:id="@+id/editText_profile_name"
            android:layout_width="0dp"
            android:layout_height="match_parent"
            android:layout_marginRight="30dp"
            android:layout_weight="0.75" />

    </LinearLayout>

    <LinearLayout
        android:layout_width="match_parent"
        android:layout_height="0dp"
        android:layout_weight="0.1"
        android:orientation="horizontal"
        android:weightSum="1">

        <LinearLayout
            android:layout_width="0dp"
            android:layout_height="match_parent"
            android:layout_weight="0.1"
            android:orientation="horizontal"></LinearLayout>

        <TextView
            android:layout_width="0dp"
            android:layout_height="match_parent"
            android:layout_gravity="center"
            android:layout_marginLeft="0dp"
            android:layout_weight="0.15"
            android:paddingLeft="15dp"
            android:paddingTop="10dp"
            android:text="자기\n소개"
            android:textColor="#ffffff"
            android:textSize="15dp" />

        <EditText
            android:id="@+id/editText_profile_info"
            android:layout_width="0dp"
            android:layout_height="match_parent"
            android:layout_marginRight="30dp"
            android:layout_weight="0.75" />

    </LinearLayout>

    <LinearLayout
        android:layout_width="match_parent"
        android:layout_height="0dp"
        android:layout_weight="0.25"
        android:orientation="vertical"
        android:weightSum="1">

        <LinearLayout
            android:layout_width="match_parent"
            android:layout_height="0dp"
            android:layout_weight="0.4"
            android:orientation="horizontal">

            <TextView
                android:layout_width="match_parent"
                android:layout_height="match_parent"
                android:text="YOUTUBE 스트리밍 URL"
                android:textColor="#ffffff"
                android:gravity="left|bottom"
                android:layout_marginLeft="35dp"/>

        </LinearLayout>


        <LinearLayout
            android:layout_width="match_parent"
            android:layout_height="0dp"
            android:layout_weight="0.6"
            android:weightSum="1"
            android:orientation="horizontal">

            <EditText
                android:id="@+id/editText_profile_youtube_url"
                android:layout_width="0dp"
                android:layout_height="wrap_content"
                android:layout_gravity="top"
                android:layout_marginLeft="30dp"
                android:layout_marginRight="10dp"
                android:layout_weight="0.75" />

            <Button
                android:id="@+id/btn_youtube"
                android:layout_width="0dp"
                android:layout_height="wrap_content"
                android:layout_gravity="top"
                android:layout_marginRight="30dp"
                android:layout_weight="0.25"
                android:background="#00ff0000"
                android:text="찾기"
                android:textColor="#ffffff"
                android:textSize="20dp" />
        </LinearLayout>

    </LinearLayout>

    <LinearLayout
        android:layout_width="match_parent"
        android:layout_height="0dp"
        android:layout_weight="0.2"
        android:orientation="vertical"
        android:weightSum="1">

        <Button
            android:id="@+id/btn_edit_index"
            android:layout_width="match_parent"
            android:layout_height="match_parent"
            android:layout_marginBottom="50dp"
            android:layout_marginLeft="30dp"
            android:layout_marginRight="30dp"
            android:layout_marginTop="10dp"
            android:background="#00ff0000"
            android:onClick="btn_edit_index_Clicked"
            android:text="프로필 사진 고르기"
            android:textColor="#ffffff"
            android:textSize="25dp" />


    </LinearLayout>


    <!--수정 11.30/11시-->
</LinearLayout>
